{
  "loss": 6.324958646373385,
  "p_acc": 0.35706745420291924,
  "v_mae": 0.7811333833226732,
  "v_corr": 0.4115602672100067
}