{
  "loss": 7.18424696478752,
  "p_acc": 0.247716838627842,
  "v_mae": 0.8366218963900905,
  "v_corr": 0.34180939197540283
}