{
  "loss": 5.981362998485565,
  "p_acc": 0.4511814573779702,
  "v_mae": 0.801290575414896,
  "v_corr": 0.39201420545578003
}